,locus_tag,gene_name,strand,trans_coord,target_seq,probe_id,probe_seq,num_mismatch,mismatch_positions,longest_stretch,ASO,TIR
0,b3256,accC,+,-16,AGTAACGAGG,b3256;accC_ASO_001,AGTAACGAGG,0,none,10,b3256;accC_ASO_001,TIR
1,b4183,yjfK,+,365,GGAGCAATGA,b3256;accC_ASO_001_rev,GGAGCAATGA,0,none,10,b3256;accC_ASO_001,not in TIR
2,b0924,mukB,+,1470,GTAACGAGGC,b3256;accC_ASO_002,GTAACGAGGC,0,none,10,b3256;accC_ASO_002,not in TIR
3,b1261,trpB,-,507,GTAACGAGGC,b3256;accC_ASO_002,GTAACGAGGC,0,none,10,b3256;accC_ASO_002,not in TIR
4,b3256,accC,+,-15,GTAACGAGGC,b3256;accC_ASO_002,GTAACGAGGC,0,none,10,b3256;accC_ASO_002,TIR
5,b4466,yghJ,-,1290,GTAACGAGGC,b3256;accC_ASO_002,GTAACGAGGC,0,none,10,b3256;accC_ASO_002,not in TIR
6,b1069,murJ,+,670,CGGAGCAATG,b3256;accC_ASO_002_rev,CGGAGCAATG,0,none,10,b3256;accC_ASO_002,not in TIR
7,b2871,ygeX,+,697,CGGAGCAATG,b3256;accC_ASO_002_rev,CGGAGCAATG,0,none,10,b3256;accC_ASO_002,not in TIR
8,b3631,waaG,-,752,CGGAGCAATG,b3256;accC_ASO_002_rev,CGGAGCAATG,0,none,10,b3256;accC_ASO_002,not in TIR
9,b0555,rrrD,+,42,GCGGAGCAAT,b3256;accC_ASO_003_rev,GCGGAGCAAT,0,none,10,b3256;accC_ASO_003,not in TIR
10,b0776,bioF,+,194,GCGGAGCAAT,b3256;accC_ASO_003_rev,GCGGAGCAAT,0,none,10,b3256;accC_ASO_003,not in TIR
11,b1450,mcbR,+,119,GCGGAGCAAT,b3256;accC_ASO_003_rev,GCGGAGCAAT,0,none,10,b3256;accC_ASO_003,not in TIR
12,b1648,ydhL,-,2,GCGGAGCAAT,b3256;accC_ASO_003_rev,GCGGAGCAAT,0,none,10,b3256;accC_ASO_003,TIR
13,b2395,pdeA,-,1382,GCGGAGCAAT,b3256;accC_ASO_003_rev,GCGGAGCAAT,0,none,10,b3256;accC_ASO_003,not in TIR
14,b3631,waaG,-,751,GCGGAGCAAT,b3256;accC_ASO_003_rev,GCGGAGCAAT,0,none,10,b3256;accC_ASO_003,not in TIR
15,b0879,macB,+,760,TAACGAGGCG,b3256;accC_ASO_003,TAACGAGGCG,0,none,10,b3256;accC_ASO_003,not in TIR
16,b0924,mukB,+,1471,TAACGAGGCG,b3256;accC_ASO_003,TAACGAGGCG,0,none,10,b3256;accC_ASO_003,not in TIR
17,b0957,ompA,-,-17,TAACGAGGCG,b3256;accC_ASO_003,TAACGAGGCG,0,none,10,b3256;accC_ASO_003,TIR
18,b1261,trpB,-,508,TAACGAGGCG,b3256;accC_ASO_003,TAACGAGGCG,0,none,10,b3256;accC_ASO_003,not in TIR
19,b2819,recD,-,178,TAACGAGGCG,b3256;accC_ASO_003,TAACGAGGCG,0,none,10,b3256;accC_ASO_003,not in TIR
20,b3256,accC,+,-14,TAACGAGGCG,b3256;accC_ASO_003,TAACGAGGCG,0,none,10,b3256;accC_ASO_003,TIR
21,b4373,rimI,+,358,TAACGAGGCG,b3256;accC_ASO_003,TAACGAGGCG,0,none,10,b3256;accC_ASO_003,not in TIR
22,b2981,yghO,-,854,AACGAGGCGA,b3256;accC_ASO_004,AACGAGGCGA,0,none,10,b3256;accC_ASO_004,not in TIR
23,b3256,accC,+,-13,AACGAGGCGA,b3256;accC_ASO_004,AACGAGGCGA,0,none,10,b3256;accC_ASO_004,TIR
24,b4373,rimI,+,359,AACGAGGCGA,b3256;accC_ASO_004,AACGAGGCGA,0,none,10,b3256;accC_ASO_004,not in TIR
25,b0281,intF,-,194,AGCGGAGCAA,b3256;accC_ASO_004_rev,AGCGGAGCAA,0,none,10,b3256;accC_ASO_004,not in TIR
26,b0365,tauA,+,143,AGCGGAGCAA,b3256;accC_ASO_004_rev,AGCGGAGCAA,0,none,10,b3256;accC_ASO_004,not in TIR
27,b0955,ycbZ,-,370,AGCGGAGCAA,b3256;accC_ASO_004_rev,AGCGGAGCAA,0,none,10,b3256;accC_ASO_004,not in TIR
28,b0396,araJ,-,546,ACGAGGCGAA,b3256;accC_ASO_005,ACGAGGCGAA,0,none,10,b3256;accC_ASO_005,not in TIR
29,b1025,dgcT,+,1287,ACGAGGCGAA,b3256;accC_ASO_005,ACGAGGCGAA,0,none,10,b3256;accC_ASO_005,not in TIR
30,b1672,ydhW,-,54,ACGAGGCGAA,b3256;accC_ASO_005,ACGAGGCGAA,0,none,10,b3256;accC_ASO_005,not in TIR
31,b2226,yfaQ,-,531,ACGAGGCGAA,b3256;accC_ASO_005,ACGAGGCGAA,0,none,10,b3256;accC_ASO_005,not in TIR
32,b3256,accC,+,-12,ACGAGGCGAA,b3256;accC_ASO_005,ACGAGGCGAA,0,none,10,b3256;accC_ASO_005,TIR
33,b4096,phnL,-,-13,ACGAGGCGAA,b3256;accC_ASO_005,ACGAGGCGAA,0,none,10,b3256;accC_ASO_005,TIR
34,b0365,tauA,+,142,AAGCGGAGCA,b3256;accC_ASO_005_rev,AAGCGGAGCA,0,none,10,b3256;accC_ASO_005,not in TIR
35,b0630,lipB,-,159,AAGCGGAGCA,b3256;accC_ASO_005_rev,AAGCGGAGCA,0,none,10,b3256;accC_ASO_005,not in TIR
36,b0955,ycbZ,-,369,AAGCGGAGCA,b3256;accC_ASO_005_rev,AAGCGGAGCA,0,none,10,b3256;accC_ASO_005,not in TIR
37,b1012,rutA,-,162,AAGCGGAGCA,b3256;accC_ASO_005_rev,AAGCGGAGCA,0,none,10,b3256;accC_ASO_005,not in TIR
38,b3098,yqjD,+,123,AAGCGGAGCA,b3256;accC_ASO_005_rev,AAGCGGAGCA,0,none,10,b3256;accC_ASO_005,not in TIR
39,b4052,dnaB,+,93,AAGCGGAGCA,b3256;accC_ASO_005_rev,AAGCGGAGCA,0,none,10,b3256;accC_ASO_005,not in TIR
40,b0351,mhpF,+,349,CGAGGCGAAC,b3256;accC_ASO_006,CGAGGCGAAC,0,none,10,b3256;accC_ASO_006,not in TIR
41,b3256,accC,+,-11,CGAGGCGAAC,b3256;accC_ASO_006,CGAGGCGAAC,0,none,10,b3256;accC_ASO_006,TIR
42,b3996,nudC,+,661,CGAGGCGAAC,b3256;accC_ASO_006,CGAGGCGAAC,0,none,10,b3256;accC_ASO_006,not in TIR
43,b0199,metN,-,770,CAAGCGGAGC,b3256;accC_ASO_006_rev,CAAGCGGAGC,0,none,10,b3256;accC_ASO_006,not in TIR
44,b0893,serS,+,140,CAAGCGGAGC,b3256;accC_ASO_006_rev,CAAGCGGAGC,0,none,10,b3256;accC_ASO_006,not in TIR
45,b2249,yfaY,-,350,CAAGCGGAGC,b3256;accC_ASO_006_rev,CAAGCGGAGC,0,none,10,b3256;accC_ASO_006,not in TIR
46,b3383,yhfZ,-,162,CAAGCGGAGC,b3256;accC_ASO_006_rev,CAAGCGGAGC,0,none,10,b3256;accC_ASO_006,not in TIR
47,b1303,pspF,-,29,GAGGCGAACA,b3256;accC_ASO_007,GAGGCGAACA,0,none,10,b3256;accC_ASO_007,not in TIR
48,b3256,accC,+,-10,GAGGCGAACA,b3256;accC_ASO_007,GAGGCGAACA,0,none,10,b3256;accC_ASO_007,TIR
49,b1107,nagZ,+,553,ACAAGCGGAG,b3256;accC_ASO_007_rev,ACAAGCGGAG,0,none,10,b3256;accC_ASO_007,not in TIR
50,b2249,yfaY,-,349,ACAAGCGGAG,b3256;accC_ASO_007_rev,ACAAGCGGAG,0,none,10,b3256;accC_ASO_007,not in TIR
51,b2254,arnC,+,184,ACAAGCGGAG,b3256;accC_ASO_007_rev,ACAAGCGGAG,0,none,10,b3256;accC_ASO_007,not in TIR
52,b2306,hisP,-,44,GGCGAACATG,b3256;accC_ASO_008,GGCGAACATG,0,none,10,b3256;accC_ASO_008,not in TIR
53,b2533,suhB,+,760,GGCGAACATG,b3256;accC_ASO_008,GGCGAACATG,0,none,10,b3256;accC_ASO_008,not in TIR
54,b2979,glcD,-,1283,GGCGAACATG,b3256;accC_ASO_008,GGCGAACATG,0,none,10,b3256;accC_ASO_008,not in TIR
55,b3126,garL,-,140,GGCGAACATG,b3256;accC_ASO_008,GGCGAACATG,0,none,10,b3256;accC_ASO_008,not in TIR
56,b3256,accC,+,-8,GGCGAACATG,b3256;accC_ASO_008,GGCGAACATG,0,none,10,b3256;accC_ASO_008,TIR
57,b3829,metE,+,2218,GGCGAACATG,b3256;accC_ASO_008,GGCGAACATG,0,none,10,b3256;accC_ASO_008,not in TIR
58,b4295,yjhU,-,266,GGCGAACATG,b3256;accC_ASO_008,GGCGAACATG,0,none,10,b3256;accC_ASO_008,not in TIR
59,b0016,insL-1,+,312,GTACAAGCGG,b3256;accC_ASO_008_rev,GTACAAGCGG,0,none,10,b3256;accC_ASO_008,not in TIR
60,b0582,insL-2,+,312,GTACAAGCGG,b3256;accC_ASO_008_rev,GTACAAGCGG,0,none,10,b3256;accC_ASO_008,not in TIR
61,b1547,ydfN,-,156,GTACAAGCGG,b3256;accC_ASO_008_rev,GTACAAGCGG,0,none,10,b3256;accC_ASO_008,not in TIR
62,b1809,yoaB,+,281,GTACAAGCGG,b3256;accC_ASO_008_rev,GTACAAGCGG,0,none,10,b3256;accC_ASO_008,not in TIR
63,b2394,insL-3,+,312,GTACAAGCGG,b3256;accC_ASO_008_rev,GTACAAGCGG,0,none,10,b3256;accC_ASO_008,not in TIR
64,b1653,lhr,+,129,GCGAACATGC,b3256;accC_ASO_009,GCGAACATGC,0,none,10,b3256;accC_ASO_009,not in TIR
65,b2216,rcsD,+,1532,GCGAACATGC,b3256;accC_ASO_009,GCGAACATGC,0,none,10,b3256;accC_ASO_009,not in TIR
66,b2533,suhB,+,761,GCGAACATGC,b3256;accC_ASO_009,GCGAACATGC,0,none,10,b3256;accC_ASO_009,not in TIR
67,b3126,garL,-,141,GCGAACATGC,b3256;accC_ASO_009,GCGAACATGC,0,none,10,b3256;accC_ASO_009,not in TIR
68,b3256,accC,+,-7,GCGAACATGC,b3256;accC_ASO_009,GCGAACATGC,0,none,10,b3256;accC_ASO_009,TIR
69,b3499,rlmJ,+,153,GCGAACATGC,b3256;accC_ASO_009,GCGAACATGC,0,none,10,b3256;accC_ASO_009,not in TIR
70,b3987,rpoB,+,2045,GCGAACATGC,b3256;accC_ASO_009,GCGAACATGC,0,none,10,b3256;accC_ASO_009,not in TIR
71,b4170,mutL,+,1698,GCGAACATGC,b3256;accC_ASO_009,GCGAACATGC,0,none,10,b3256;accC_ASO_009,not in TIR
72,b4295,yjhU,-,267,GCGAACATGC,b3256;accC_ASO_009,GCGAACATGC,0,none,10,b3256;accC_ASO_009,not in TIR
73,b2219,atoS,+,1423,CGTACAAGCG,b3256;accC_ASO_009_rev,CGTACAAGCG,0,none,10,b3256;accC_ASO_009,not in TIR
74,b2981,yghO,-,1134,CGTACAAGCG,b3256;accC_ASO_009_rev,CGTACAAGCG,0,none,10,b3256;accC_ASO_009,not in TIR
75,b0954,fabA,-,93,CGAACATGCT,b3256;accC_ASO_010,CGAACATGCT,0,none,10,b3256;accC_ASO_010,not in TIR
76,b1475,fdnH,+,622,CGAACATGCT,b3256;accC_ASO_010,CGAACATGCT,0,none,10,b3256;accC_ASO_010,not in TIR
77,b2216,rcsD,+,1533,CGAACATGCT,b3256;accC_ASO_010,CGAACATGCT,0,none,10,b3256;accC_ASO_010,not in TIR
78,b2478,dapA,-,160,CGAACATGCT,b3256;accC_ASO_010,CGAACATGCT,0,none,10,b3256;accC_ASO_010,not in TIR
79,b2904,gcvH,-,88,CGAACATGCT,b3256;accC_ASO_010,CGAACATGCT,0,none,10,b3256;accC_ASO_010,not in TIR
80,b2965,speC,-,190,CGAACATGCT,b3256;accC_ASO_010,CGAACATGCT,0,none,10,b3256;accC_ASO_010,not in TIR
81,b3256,accC,+,-6,CGAACATGCT,b3256;accC_ASO_010,CGAACATGCT,0,none,10,b3256;accC_ASO_010,TIR
82,b0114,aceE,+,2323,GAACATGCTG,b3256;accC_ASO_011,GAACATGCTG,0,none,10,b3256;accC_ASO_011,not in TIR
83,b0698,kdpA,-,205,GAACATGCTG,b3256;accC_ASO_011,GAACATGCTG,0,none,10,b3256;accC_ASO_011,not in TIR
84,b0770,ybhI,+,1420,GAACATGCTG,b3256;accC_ASO_011,GAACATGCTG,0,none,10,b3256;accC_ASO_011,not in TIR
85,b0954,fabA,-,94,GAACATGCTG,b3256;accC_ASO_011,GAACATGCTG,0,none,10,b3256;accC_ASO_011,not in TIR
86,b1341,dgcM,-,746,GAACATGCTG,b3256;accC_ASO_011,GAACATGCTG,0,none,10,b3256;accC_ASO_011,not in TIR
87,b1475,fdnH,+,623,GAACATGCTG,b3256;accC_ASO_011,GAACATGCTG,0,none,10,b3256;accC_ASO_011,not in TIR
88,b1818,manY,+,502,GAACATGCTG,b3256;accC_ASO_011,GAACATGCTG,0,none,10,b3256;accC_ASO_011,not in TIR
89,b2158,yeiH,+,862,GAACATGCTG,b3256;accC_ASO_011,GAACATGCTG,0,none,10,b3256;accC_ASO_011,not in TIR
90,b2265,menF,-,850,GAACATGCTG,b3256;accC_ASO_011,GAACATGCTG,0,none,10,b3256;accC_ASO_011,not in TIR
91,b2478,dapA,-,161,GAACATGCTG,b3256;accC_ASO_011,GAACATGCTG,0,none,10,b3256;accC_ASO_011,not in TIR
92,b2965,speC,-,191,GAACATGCTG,b3256;accC_ASO_011,GAACATGCTG,0,none,10,b3256;accC_ASO_011,not in TIR
93,b3256,accC,+,-5,GAACATGCTG,b3256;accC_ASO_011,GAACATGCTG,0,none,10,b3256;accC_ASO_011,TIR
94,b3726,pstA,-,517,GAACATGCTG,b3256;accC_ASO_011,GAACATGCTG,0,none,10,b3256;accC_ASO_011,not in TIR
95,b3997,hemE,+,1004,GAACATGCTG,b3256;accC_ASO_011,GAACATGCTG,0,none,10,b3256;accC_ASO_011,not in TIR
96,b4066,yjcF,-,851,GAACATGCTG,b3256;accC_ASO_011,GAACATGCTG,0,none,10,b3256;accC_ASO_011,not in TIR
97,b4291,fecA,-,392,GAACATGCTG,b3256;accC_ASO_011,GAACATGCTG,0,none,10,b3256;accC_ASO_011,not in TIR
98,b0698,kdpA,-,206,AACATGCTGG,b3256;accC_ASO_012,AACATGCTGG,0,none,10,b3256;accC_ASO_012,not in TIR
99,b0705,ybfL,+,401,AACATGCTGG,b3256;accC_ASO_012,AACATGCTGG,0,none,10,b3256;accC_ASO_012,not in TIR
100,b0706,ybfD,+,476,AACATGCTGG,b3256;accC_ASO_012,AACATGCTGG,0,none,10,b3256;accC_ASO_012,not in TIR
101,b0775,bioB,+,662,AACATGCTGG,b3256;accC_ASO_012,AACATGCTGG,0,none,10,b3256;accC_ASO_012,not in TIR
102,b0967,rlmI,-,962,AACATGCTGG,b3256;accC_ASO_012,AACATGCTGG,0,none,10,b3256;accC_ASO_012,not in TIR
103,b1460,ydcC,+,476,AACATGCTGG,b3256;accC_ASO_012,AACATGCTGG,0,none,10,b3256;accC_ASO_012,not in TIR
104,b1475,fdnH,+,624,AACATGCTGG,b3256;accC_ASO_012,AACATGCTGG,0,none,10,b3256;accC_ASO_012,not in TIR
105,b1743,spy,-,341,AACATGCTGG,b3256;accC_ASO_012,AACATGCTGG,0,none,10,b3256;accC_ASO_012,not in TIR
106,b1876,argS,+,1340,AACATGCTGG,b3256;accC_ASO_012,AACATGCTGG,0,none,10,b3256;accC_ASO_012,not in TIR
107,b1990,ldtA,-,185,AACATGCTGG,b3256;accC_ASO_012,AACATGCTGG,0,none,10,b3256;accC_ASO_012,not in TIR
108,b2158,yeiH,+,863,AACATGCTGG,b3256;accC_ASO_012,AACATGCTGG,0,none,10,b3256;accC_ASO_012,not in TIR
109,b2241,glpA,+,467,AACATGCTGG,b3256;accC_ASO_012,AACATGCTGG,0,none,10,b3256;accC_ASO_012,not in TIR
110,b2265,menF,-,851,AACATGCTGG,b3256;accC_ASO_012,AACATGCTGG,0,none,10,b3256;accC_ASO_012,not in TIR
111,b2903,gcvP,-,299,AACATGCTGG,b3256;accC_ASO_012,AACATGCTGG,0,none,10,b3256;accC_ASO_012,not in TIR
112,b2981,yghO,-,1106,AACATGCTGG,b3256;accC_ASO_012,AACATGCTGG,0,none,10,b3256;accC_ASO_012,not in TIR
113,b3212,gltB,+,851,AACATGCTGG,b3256;accC_ASO_012,AACATGCTGG,0,none,10,b3256;accC_ASO_012,not in TIR
114,b3256,accC,+,-4,AACATGCTGG,b3256;accC_ASO_012,AACATGCTGG,0,none,10,b3256;accC_ASO_012,TIR
115,b3484,yhhI,+,476,AACATGCTGG,b3256;accC_ASO_012,AACATGCTGG,0,none,10,b3256;accC_ASO_012,not in TIR
116,b3488,yhiJ,-,1470,AACATGCTGG,b3256;accC_ASO_012,AACATGCTGG,0,none,10,b3256;accC_ASO_012,not in TIR
117,b3533,bcsA,-,253,AACATGCTGG,b3256;accC_ASO_012,AACATGCTGG,0,none,10,b3256;accC_ASO_012,not in TIR
118,b3590,selB,-,197,AACATGCTGG,b3256;accC_ASO_012,AACATGCTGG,0,none,10,b3256;accC_ASO_012,not in TIR
119,b3899,frvB,-,458,AACATGCTGG,b3256;accC_ASO_012,AACATGCTGG,0,none,10,b3256;accC_ASO_012,not in TIR
120,b3997,hemE,+,1005,AACATGCTGG,b3256;accC_ASO_012,AACATGCTGG,0,none,10,b3256;accC_ASO_012,not in TIR
121,b4291,fecA,-,393,AACATGCTGG,b3256;accC_ASO_012,AACATGCTGG,0,none,10,b3256;accC_ASO_012,not in TIR
122,b0960,yccS,-,2050,GGTCGTACAA,b3256;accC_ASO_012_rev,GGTCGTACAA,0,none,10,b3256;accC_ASO_012,not in TIR
123,b2342,fadI,-,196,GGTCGTACAA,b3256;accC_ASO_012_rev,GGTCGTACAA,0,none,10,b3256;accC_ASO_012,not in TIR
124,b4024,lysC,-,569,GGTCGTACAA,b3256;accC_ASO_012_rev,GGTCGTACAA,0,none,10,b3256;accC_ASO_012,not in TIR
125,b0210,yafE,+,81,ACATGCTGGA,b3256;accC_ASO_013,ACATGCTGGA,0,none,10,b3256;accC_ASO_013,not in TIR
126,b0324,yahJ,+,1122,ACATGCTGGA,b3256;accC_ASO_013,ACATGCTGGA,0,none,10,b3256;accC_ASO_013,not in TIR
127,b0705,ybfL,+,402,ACATGCTGGA,b3256;accC_ASO_013,ACATGCTGGA,0,none,10,b3256;accC_ASO_013,not in TIR
128,b0706,ybfD,+,477,ACATGCTGGA,b3256;accC_ASO_013,ACATGCTGGA,0,none,10,b3256;accC_ASO_013,not in TIR
129,b1435,rlhA,+,1491,ACATGCTGGA,b3256;accC_ASO_013,ACATGCTGGA,0,none,10,b3256;accC_ASO_013,not in TIR
130,b1460,ydcC,+,477,ACATGCTGGA,b3256;accC_ASO_013,ACATGCTGGA,0,none,10,b3256;accC_ASO_013,not in TIR
131,b1662,ribC,-,90,ACATGCTGGA,b3256;accC_ASO_013,ACATGCTGGA,0,none,10,b3256;accC_ASO_013,not in TIR
132,b1990,ldtA,-,186,ACATGCTGGA,b3256;accC_ASO_013,ACATGCTGGA,0,none,10,b3256;accC_ASO_013,not in TIR
133,b2241,glpA,+,468,ACATGCTGGA,b3256;accC_ASO_013,ACATGCTGGA,0,none,10,b3256;accC_ASO_013,not in TIR
134,b2297,pta,+,795,ACATGCTGGA,b3256;accC_ASO_013,ACATGCTGGA,0,none,10,b3256;accC_ASO_013,not in TIR
135,b2525,fdx,-,210,ACATGCTGGA,b3256;accC_ASO_013,ACATGCTGGA,0,none,10,b3256;accC_ASO_013,not in TIR
136,b2878,ygfK,+,723,ACATGCTGGA,b3256;accC_ASO_013,ACATGCTGGA,0,none,10,b3256;accC_ASO_013,not in TIR
137,b2903,gcvP,-,300,ACATGCTGGA,b3256;accC_ASO_013,ACATGCTGGA,0,none,10,b3256;accC_ASO_013,not in TIR
138,b2981,yghO,-,1107,ACATGCTGGA,b3256;accC_ASO_013,ACATGCTGGA,0,none,10,b3256;accC_ASO_013,not in TIR
139,b3212,gltB,+,852,ACATGCTGGA,b3256;accC_ASO_013,ACATGCTGGA,0,none,10,b3256;accC_ASO_013,not in TIR
140,b3256,accC,+,-3,ACATGCTGGA,b3256;accC_ASO_013,ACATGCTGGA,0,none,10,b3256;accC_ASO_013,TIR
141,b3390,aroK,-,501,ACATGCTGGA,b3256;accC_ASO_013,ACATGCTGGA,0,none,10,b3256;accC_ASO_013,not in TIR
142,b3484,yhhI,+,477,ACATGCTGGA,b3256;accC_ASO_013,ACATGCTGGA,0,none,10,b3256;accC_ASO_013,not in TIR
143,b3488,yhiJ,-,1471,ACATGCTGGA,b3256;accC_ASO_013,ACATGCTGGA,0,none,10,b3256;accC_ASO_013,not in TIR
144,b3572,avtA,+,165,ACATGCTGGA,b3256;accC_ASO_013,ACATGCTGGA,0,none,10,b3256;accC_ASO_013,not in TIR
145,b3585,yiaU,+,222,ACATGCTGGA,b3256;accC_ASO_013,ACATGCTGGA,0,none,10,b3256;accC_ASO_013,not in TIR
146,b4019,metH,+,2943,ACATGCTGGA,b3256;accC_ASO_013,ACATGCTGGA,0,none,10,b3256;accC_ASO_013,not in TIR
147,b4183,yjfK,+,447,ACATGCTGGA,b3256;accC_ASO_013,ACATGCTGGA,0,none,10,b3256;accC_ASO_013,not in TIR
148,b2342,fadI,-,195,AGGTCGTACA,b3256;accC_ASO_013_rev,AGGTCGTACA,0,none,10,b3256;accC_ASO_013,not in TIR
149,b4024,lysC,-,568,AGGTCGTACA,b3256;accC_ASO_013_rev,AGGTCGTACA,0,none,10,b3256;accC_ASO_013,not in TIR
150,b0109,nadC,-,697,CATGCTGGAT,b3256;accC_ASO_014,CATGCTGGAT,0,none,10,b3256;accC_ASO_014,not in TIR
151,b0210,yafE,+,82,CATGCTGGAT,b3256;accC_ASO_014,CATGCTGGAT,0,none,10,b3256;accC_ASO_014,not in TIR
152,b0237,pepD,-,1129,CATGCTGGAT,b3256;accC_ASO_014,CATGCTGGAT,0,none,10,b3256;accC_ASO_014,not in TIR
153,b0390,aroM,+,556,CATGCTGGAT,b3256;accC_ASO_014,CATGCTGGAT,0,none,10,b3256;accC_ASO_014,not in TIR
154,b0436,tig,+,415,CATGCTGGAT,b3256;accC_ASO_014,CATGCTGGAT,0,none,10,b3256;accC_ASO_014,not in TIR
155,b0705,ybfL,+,403,CATGCTGGAT,b3256;accC_ASO_014,CATGCTGGAT,0,none,10,b3256;accC_ASO_014,not in TIR
156,b0706,ybfD,+,478,CATGCTGGAT,b3256;accC_ASO_014,CATGCTGGAT,0,none,10,b3256;accC_ASO_014,not in TIR
157,b0916,ycaQ,+,628,CATGCTGGAT,b3256;accC_ASO_014,CATGCTGGAT,0,none,10,b3256;accC_ASO_014,not in TIR
158,b1083,flgL,+,604,CATGCTGGAT,b3256;accC_ASO_014,CATGCTGGAT,0,none,10,b3256;accC_ASO_014,not in TIR
159,b1126,potA,-,220,CATGCTGGAT,b3256;accC_ASO_014,CATGCTGGAT,0,none,10,b3256;accC_ASO_014,not in TIR
160,b1343,dbpA,+,469,CATGCTGGAT,b3256;accC_ASO_014,CATGCTGGAT,0,none,10,b3256;accC_ASO_014,not in TIR
161,b1435,rlhA,+,1492,CATGCTGGAT,b3256;accC_ASO_014,CATGCTGGAT,0,none,10,b3256;accC_ASO_014,not in TIR
162,b1460,ydcC,+,478,CATGCTGGAT,b3256;accC_ASO_014,CATGCTGGAT,0,none,10,b3256;accC_ASO_014,not in TIR
163,b1707,ydiV,-,484,CATGCTGGAT,b3256;accC_ASO_014,CATGCTGGAT,0,none,10,b3256;accC_ASO_014,not in TIR
164,b1761,gdhA,+,1213,CATGCTGGAT,b3256;accC_ASO_014,CATGCTGGAT,0,none,10,b3256;accC_ASO_014,not in TIR
165,b1787,yeaK,+,415,CATGCTGGAT,b3256;accC_ASO_014,CATGCTGGAT,0,none,10,b3256;accC_ASO_014,not in TIR
166,b1907,tyrP,+,752,CATGCTGGAT,b3256;accC_ASO_014,CATGCTGGAT,0,none,10,b3256;accC_ASO_014,not in TIR
167,b2241,glpA,+,469,CATGCTGGAT,b3256;accC_ASO_014,CATGCTGGAT,0,none,10,b3256;accC_ASO_014,not in TIR
168,b2300,yfcE,-,475,CATGCTGGAT,b3256;accC_ASO_014,CATGCTGGAT,0,none,10,b3256;accC_ASO_014,not in TIR
169,b2538,hcaE,+,526,CATGCTGGAT,b3256;accC_ASO_014,CATGCTGGAT,0,none,10,b3256;accC_ASO_014,not in TIR
170,b2631,rnlB,+,217,CATGCTGGAT,b3256;accC_ASO_014,CATGCTGGAT,0,none,10,b3256;accC_ASO_014,not in TIR
171,b2822,recC,-,3166,CATGCTGGAT,b3256;accC_ASO_014,CATGCTGGAT,0,none,10,b3256;accC_ASO_014,not in TIR
172,b3256,accC,+,-2,CATGCTGGAT,b3256;accC_ASO_014,CATGCTGGAT,0,none,10,b3256;accC_ASO_014,TIR
173,b3484,yhhI,+,478,CATGCTGGAT,b3256;accC_ASO_014,CATGCTGGAT,0,none,10,b3256;accC_ASO_014,not in TIR
174,b3647,ligB,-,1006,CATGCTGGAT,b3256;accC_ASO_014,CATGCTGGAT,0,none,10,b3256;accC_ASO_014,not in TIR
175,b4019,metH,+,2944,CATGCTGGAT,b3256;accC_ASO_014,CATGCTGGAT,0,none,10,b3256;accC_ASO_014,not in TIR
176,b4133,cadC,-,856,CATGCTGGAT,b3256;accC_ASO_014,CATGCTGGAT,0,none,10,b3256;accC_ASO_014,not in TIR
177,b4309,nanS,-,522,CATGCTGGAT,b3256;accC_ASO_014,CATGCTGGAT,0,none,10,b3256;accC_ASO_014,not in TIR
178,b0020,nhaR,+,245,ATGCTGGATA,b3256;accC_ASO_015,ATGCTGGATA,0,none,10,b3256;accC_ASO_015,not in TIR
179,b0109,nadC,-,698,ATGCTGGATA,b3256;accC_ASO_015,ATGCTGGATA,0,none,10,b3256;accC_ASO_015,not in TIR
180,b0436,tig,+,416,ATGCTGGATA,b3256;accC_ASO_015,ATGCTGGATA,0,none,10,b3256;accC_ASO_015,not in TIR
181,b0550,rusA,+,134,ATGCTGGATA,b3256;accC_ASO_015,ATGCTGGATA,0,none,10,b3256;accC_ASO_015,not in TIR
182,b0705,ybfL,+,404,ATGCTGGATA,b3256;accC_ASO_015,ATGCTGGATA,0,none,10,b3256;accC_ASO_015,not in TIR
183,b0706,ybfD,+,479,ATGCTGGATA,b3256;accC_ASO_015,ATGCTGGATA,0,none,10,b3256;accC_ASO_015,not in TIR
184,b0868,ybjS,-,794,ATGCTGGATA,b3256;accC_ASO_015,ATGCTGGATA,0,none,10,b3256;accC_ASO_015,not in TIR
185,b0916,ycaQ,+,629,ATGCTGGATA,b3256;accC_ASO_015,ATGCTGGATA,0,none,10,b3256;accC_ASO_015,not in TIR
186,b1083,flgL,+,605,ATGCTGGATA,b3256;accC_ASO_015,ATGCTGGATA,0,none,10,b3256;accC_ASO_015,not in TIR
187,b1126,potA,-,221,ATGCTGGATA,b3256;accC_ASO_015,ATGCTGGATA,0,none,10,b3256;accC_ASO_015,not in TIR
188,b1343,dbpA,+,470,ATGCTGGATA,b3256;accC_ASO_015,ATGCTGGATA,0,none,10,b3256;accC_ASO_015,not in TIR
189,b1447,ydcZ,-,335,ATGCTGGATA,b3256;accC_ASO_015,ATGCTGGATA,0,none,10,b3256;accC_ASO_015,not in TIR
190,b1460,ydcC,+,479,ATGCTGGATA,b3256;accC_ASO_015,ATGCTGGATA,0,none,10,b3256;accC_ASO_015,not in TIR
191,b1607,ydgC,-,313,ATGCTGGATA,b3256;accC_ASO_015,ATGCTGGATA,0,none,10,b3256;accC_ASO_015,not in TIR
192,b1707,ydiV,-,485,ATGCTGGATA,b3256;accC_ASO_015,ATGCTGGATA,0,none,10,b3256;accC_ASO_015,not in TIR
193,b1761,gdhA,+,1214,ATGCTGGATA,b3256;accC_ASO_015,ATGCTGGATA,0,none,10,b3256;accC_ASO_015,not in TIR
194,b1781,yeaE,-,797,ATGCTGGATA,b3256;accC_ASO_015,ATGCTGGATA,0,none,10,b3256;accC_ASO_015,not in TIR
195,b1787,yeaK,+,416,ATGCTGGATA,b3256;accC_ASO_015,ATGCTGGATA,0,none,10,b3256;accC_ASO_015,not in TIR
196,b2072,pphC,-,581,ATGCTGGATA,b3256;accC_ASO_015,ATGCTGGATA,0,none,10,b3256;accC_ASO_015,not in TIR
197,b2300,yfcE,-,476,ATGCTGGATA,b3256;accC_ASO_015,ATGCTGGATA,0,none,10,b3256;accC_ASO_015,not in TIR
198,b2305,rpnB,-,806,ATGCTGGATA,b3256;accC_ASO_015,ATGCTGGATA,0,none,10,b3256;accC_ASO_015,not in TIR
199,b2469,narQ,+,1313,ATGCTGGATA,b3256;accC_ASO_015,ATGCTGGATA,0,none,10,b3256;accC_ASO_015,not in TIR
200,b2576,srmB,+,482,ATGCTGGATA,b3256;accC_ASO_015,ATGCTGGATA,0,none,10,b3256;accC_ASO_015,not in TIR
201,b2631,rnlB,+,218,ATGCTGGATA,b3256;accC_ASO_015,ATGCTGGATA,0,none,10,b3256;accC_ASO_015,not in TIR
202,b2785,rlmD,-,1235,ATGCTGGATA,b3256;accC_ASO_015,ATGCTGGATA,0,none,10,b3256;accC_ASO_015,not in TIR
203,b2803,fucK,+,548,ATGCTGGATA,b3256;accC_ASO_015,ATGCTGGATA,0,none,10,b3256;accC_ASO_015,not in TIR
204,b2920,scpC,+,662,ATGCTGGATA,b3256;accC_ASO_015,ATGCTGGATA,0,none,10,b3256;accC_ASO_015,not in TIR
205,b3236,mdh,-,881,ATGCTGGATA,b3256;accC_ASO_015,ATGCTGGATA,0,none,10,b3256;accC_ASO_015,not in TIR
206,b3256,accC,+,-1,ATGCTGGATA,b3256;accC_ASO_015,ATGCTGGATA,0,none,10,b3256;accC_ASO_015,TIR
207,b3411,rpnA,+,321,ATGCTGGATA,b3256;accC_ASO_015,ATGCTGGATA,0,none,10,b3256;accC_ASO_015,not in TIR
208,b3412,bioH,-,647,ATGCTGGATA,b3256;accC_ASO_015,ATGCTGGATA,0,none,10,b3256;accC_ASO_015,not in TIR
209,b3484,yhhI,+,479,ATGCTGGATA,b3256;accC_ASO_015,ATGCTGGATA,0,none,10,b3256;accC_ASO_015,not in TIR
210,b3822,recQ,+,377,ATGCTGGATA,b3256;accC_ASO_015,ATGCTGGATA,0,none,10,b3256;accC_ASO_015,not in TIR
211,b4019,metH,+,2945,ATGCTGGATA,b3256;accC_ASO_015,ATGCTGGATA,0,none,10,b3256;accC_ASO_015,not in TIR
212,b4085,alsE,-,446,ATGCTGGATA,b3256;accC_ASO_015,ATGCTGGATA,0,none,10,b3256;accC_ASO_015,not in TIR
213,b4133,cadC,-,857,ATGCTGGATA,b3256;accC_ASO_015,ATGCTGGATA,0,none,10,b3256;accC_ASO_015,not in TIR
214,b4263,yjgR,-,605,ATGCTGGATA,b3256;accC_ASO_015,ATGCTGGATA,0,none,10,b3256;accC_ASO_015,not in TIR
