	ASO_name	ASO_sequence	mRNA_target_seq	position_from_start	self_comp_bases	melting_temperature	OT_transcriptome	OT_TIR_regions
b3256;accC_ASO_001	ASO_001	CCTCGTTACT	AGUAACGAGG	-15;-5	2	53.08	1.0	0.0
b3256;accC_ASO_002	ASO_002	GCCTCGTTAC	GUAACGAGGC	-14;-4	2	57.25	6.0	0.0
b3256;accC_ASO_003	ASO_003	CGCCTCGTTA	UAACGAGGCG	-13;-3	2	56.93	12.0	2.0
b3256;accC_ASO_004	ASO_004	TCGCCTCGTT	AACGAGGCGA	-12;-2	2	60.43	5.0	0.0
b3256;accC_ASO_005	ASO_005	TTCGCCTCGT	ACGAGGCGAA	-11;-1	2	60.43	11.0	1.0
b3256;accC_ASO_006	ASO_006	GTTCGCCTCG	CGAGGCGAAC	-10;0	2	60.43	6.0	0.0
b3256;accC_ASO_007	ASO_007	TGTTCGCCTC	GAGGCGAACA	-9;1	2	59.54	4.0	0.0
b3256;accC_ASO_008	ASO_008	CATGTTCGCC	GGCGAACAUG	-7;3	4	55.76	11.0	0.0
b3256;accC_ASO_009	ASO_009	GCATGTTCGC	GCGAACAUGC	-6;4	4	56.13	10.0	0.0
b3256;accC_ASO_010	ASO_010	AGCATGTTCG	CGAACAUGCU	-5;5	4	50.94	6.0	0.0
b3256;accC_ASO_011	ASO_011	CAGCATGTTC	GAACAUGCUG	-4;6	4	51.12	15.0	0.0
b3256;accC_ASO_012	ASO_012	CCAGCATGTT	AACAUGCUGG	-3;7	4	54.2	26.0	0.0
b3256;accC_ASO_013	ASO_013	TCCAGCATGT	ACAUGCUGGA	-2;8	4	58.19	24.0	0.0
b3256;accC_ASO_014	ASO_014	ATCCAGCATG	CAUGCUGGAU	-1;9	4	53.55	27.0	0.0
b3256;accC_ASO_015	ASO_015	TATCCAGCAT	AUGCUGGAUA	0;10	2	52.29	36.0	0.0
